TimeStamp,ECG Data,EMG Data,GSR Data,label
0,506,502,523,1
1,508,499,523,1
2,509,501,523,1
3,509,506,524,1
4,508,493,524,1
5,508,509,524,1
6,508,511,524,1
7,508,508,524,1
8,508,499,524,1
9,508,508,524,1
10,507,504,524,1
11,507,508,524,1
12,508,501,524,1
13,508,514,524,1
14,509,510,524,1
15,508,507,524,1
16,508,513,524,1
17,508,507,524,1
18,508,505,525,1
19,507,509,525,1
20,508,510,525,1
21,508,503,525,1
22,508,504,525,1
23,508,495,525,1
24,508,502,525,1
25,507,507,525,1
26,508,509,525,1
27,508,504,525,1
28,507,504,525,1
29,507,503,525,1
30,508,508,525,1
31,507,505,525,1
32,508,505,525,1
33,508,507,525,1
34,508,509,525,1
35,508,504,525,1
36,508,503,525,1
37,507,509,525,1
38,508,505,525,1
39,508,511,525,1
40,508,504,525,1
41,508,509,525,1
42,508,503,526,1
43,508,509,525,1
44,508,506,526,1
45,508,507,526,1
46,508,506,526,1
47,507,507,526,1
48,508,502,526,1
49,509,504,526,1
50,508,496,526,1
51,507,517,526,1
52,508,512,526,1
53,508,510,526,1
54,508,505,526,1
55,508,497,526,1
56,508,512,526,1
57,508,505,526,1
58,508,509,526,1
59,508,509,526,1
60,508,504,526,1
61,507,502,526,1
62,507,511,526,1
63,507,502,526,1
64,508,509,526,1
65,508,512,526,1
66,508,509,526,1
67,508,506,526,1
68,508,502,526,1
69,508,508,526,1
70,508,532,526,1
71,508,529,526,1
72,508,510,527,1
73,508,506,526,1
74,508,500,526,1
75,507,501,527,1
76,507,496,526,1
77,508,504,527,1
78,508,504,526,1
79,507,503,527,1
80,507,503,527,1
81,507,500,527,1
82,507,504,527,1
83,508,506,527,1
84,508,505,527,1
85,508,507,527,1
86,508,506,527,1
87,508,508,527,1
88,508,505,527,1
89,509,511,527,1
90,508,509,527,1
91,508,507,527,1
92,508,506,527,1
93,508,515,527,1
94,508,508,527,1
95,508,504,527,1
96,508,501,527,1
97,507,508,527,1
98,507,503,527,1
99,508,504,527,1
100,507,501,527,1
101,507,507,527,1
102,508,502,527,1
103,508,498,527,1
104,508,500,527,1
105,508,505,527,1
106,507,496,527,1
107,507,507,527,1
108,507,497,527,1
109,508,511,527,1
110,508,506,527,1
111,508,506,527,1
112,508,501,527,1
113,507,505,527,1
114,508,498,527,1
115,508,509,527,1
116,508,502,527,1
117,508,507,528,1
118,508,507,527,1
119,507,501,528,1
120,508,509,527,1
121,508,502,527,1
122,508,504,527,1
123,508,505,527,1
124,508,502,527,1
125,508,509,527,1
126,507,509,527,1
127,508,507,527,1
128,508,496,527,1
129,508,512,527,1
130,508,509,527,1
131,508,507,527,1
132,508,502,527,1
133,508,511,527,1
134,508,506,527,1
135,508,512,527,1
136,508,509,527,1
137,507,503,527,1
138,507,500,527,1
139,508,513,527,1
140,507,511,527,1
141,508,507,527,1
142,508,497,527,1
143,507,518,526,1
144,507,535,527,1
145,508,532,526,1
146,507,512,526,1
147,508,499,526,1
148,508,501,526,1
149,508,493,526,1
150,508,499,526,1
151,508,504,526,1
152,508,505,526,1
153,509,507,525,1
154,509,503,525,1
155,509,504,525,1
156,508,503,525,1
157,508,500,525,1
158,508,512,525,1
159,508,507,524,1
160,508,508,524,1
161,507,506,524,1
162,507,507,524,1
163,508,510,524,1
164,508,514,524,1
165,507,507,523,1
166,508,512,523,1
167,508,504,523,1
168,509,509,523,1
169,508,500,523,1
170,507,506,523,1
171,508,504,522,1
172,508,500,522,1
173,508,508,522,1
174,508,507,522,1
175,508,503,521,1
176,508,505,521,1
177,508,503,521,1
178,508,509,521,1
179,508,497,521,1
180,508,504,520,1
181,508,508,520,1
182,508,503,520,1
183,508,511,520,1
184,508,506,519,1
185,507,510,519,1
186,508,503,519,1
187,508,503,519,1
188,508,508,519,1
189,508,509,518,1
190,508,499,518,1
191,508,506,518,1
192,508,509,517,1
193,508,500,517,1
194,508,508,517,1
195,508,505,517,1
196,508,509,516,1
197,508,503,516,1
198,508,510,516,1
199,508,505,516,1
200,508,510,515,1
201,508,505,515,1
202,508,509,515,1
203,508,502,515,1
204,508,509,514,1
205,508,507,514,1
206,507,507,514,1
207,508,506,514,1
208,508,499,513,1
209,509,506,513,1
210,508,503,513,1
211,508,509,513,1
212,508,531,512,1
213,508,534,512,1
214,508,508,512,1
215,508,499,512,1
216,508,501,511,1
217,508,500,511,1
218,508,504,511,1
219,507,496,511,1
220,507,502,510,1
221,508,497,510,1
222,508,508,510,1
223,508,501,510,1
224,507,507,509,1
225,507,505,509,1
226,508,504,509,1
227,508,505,509,1
228,508,507,509,1
229,508,507,508,1
230,508,514,508,1
231,508,507,508,1
232,508,509,508,1
233,508,510,507,1
234,508,511,507,1
235,508,505,507,1
236,508,510,507,1
237,508,509,507,1
238,508,502,506,1
239,508,502,506,1
240,508,499,506,1
241,508,510,506,1
242,508,506,506,1
243,508,504,505,1
244,508,501,505,1
245,508,507,505,1
246,508,507,505,1
247,507,509,505,1
248,507,505,504,1
249,507,509,504,1
250,508,508,504,1
251,508,511,504,1
252,508,505,504,1
253,508,503,504,1
254,507,508,503,1
255,508,500,503,1
256,509,515,503,1
257,508,514,503,1
258,508,510,503,1
259,508,508,503,1
260,508,512,502,1
261,508,507,502,1
262,508,505,502,1
263,509,498,502,1
264,509,514,502,1
265,509,518,502,1
266,509,508,502,1
267,509,510,501,1
268,508,506,501,1
269,509,508,501,1
270,509,499,501,1
271,508,507,501,1
272,507,504,501,1
273,507,512,501,1
274,508,508,501,1
275,507,498,501,1
276,508,496,500,1
277,508,522,500,1
278,508,543,500,1
279,507,520,500,1
280,507,501,500,1
281,507,493,500,1
282,508,493,500,1
283,507,505,500,1
284,508,500,500,1
285,507,496,499,1
286,507,498,499,1
287,507,502,499,1
288,507,506,499,1
289,507,508,499,1
290,507,506,499,1
291,508,498,499,1
292,507,502,499,1
293,508,501,499,1
294,507,495,499,1
295,507,507,498,1
296,507,514,498,1
297,508,505,498,1
298,508,509,498,1
299,508,506,498,1
300,507,504,498,1
301,508,499,498,1
302,509,495,498,1
303,509,505,498,1
304,508,514,498,1
305,508,500,498,1
306,508,493,498,1
307,508,498,498,1
308,507,501,498,1
309,509,512,498,1
310,508,503,498,1
311,508,506,498,1
312,508,500,498,1
313,508,498,498,1
314,507,511,498,1
315,508,504,498,1
316,508,500,497,1
317,508,499,498,1
318,509,498,497,1
319,508,496,497,1
320,508,475,497,1
321,508,533,497,1
322,508,518,498,1
323,508,510,497,1
324,507,505,497,1
325,508,505,497,1
326,508,505,498,1
327,508,504,497,1
328,508,506,497,1
329,508,508,497,1
330,508,510,497,1
331,508,503,497,1
332,508,508,497,1
333,508,508,497,1
334,508,506,498,1
335,508,513,498,1
336,508,509,497,1
337,508,498,497,1
338,508,515,497,1
339,507,506,497,1
340,507,512,497,1
341,507,516,498,1
342,508,512,497,1
343,508,516,498,1
344,508,506,498,1
345,508,502,498,1
346,508,517,498,1
347,508,553,498,1
348,508,539,498,1
349,508,516,498,1
350,508,502,498,1
351,508,499,498,1
352,509,506,498,1
353,508,506,498,1
354,508,503,498,1
355,508,510,498,1
356,509,503,498,1
357,508,514,498,1
358,508,515,498,1
359,508,507,498,1
360,508,510,498,1
361,508,510,498,1
362,508,510,498,1
363,508,518,498,1
364,508,509,498,1
365,508,518,498,1
366,507,509,498,1
367,507,515,498,1
368,507,514,498,1
369,508,511,498,1
370,508,515,498,1
371,508,519,499,1
372,508,516,499,1
373,508,497,499,1
374,508,508,499,1
375,509,511,499,1
376,507,504,499,1
377,508,513,499,1
378,508,510,499,1
379,508,507,499,1
380,508,512,499,1
381,508,512,499,1
382,508,503,499,1
383,508,507,499,1
384,508,521,499,1
385,508,518,499,1
386,508,509,499,1
387,508,517,500,1
388,508,518,499,1
389,508,513,500,1
390,508,510,500,1
391,508,516,500,1
392,508,511,500,1
393,508,521,500,1
394,508,516,500,1
395,509,515,500,1
396,508,514,500,1
397,508,506,500,1
398,508,505,500,1
399,507,528,500,1
400,508,516,500,1
401,508,507,500,1
402,508,514,501,1
403,508,515,501,1
404,508,516,501,1
405,507,511,501,1
406,507,508,501,1
407,508,509,501,1
408,508,515,501,1
409,508,509,501,1
410,508,512,501,1
411,508,511,501,1
412,508,512,501,1
413,508,511,501,1
414,508,505,502,1
415,509,501,502,1
416,508,526,502,1
417,508,541,502,1
418,508,519,502,1
419,508,507,502,1
420,508,497,502,1
421,508,497,502,1
422,508,514,502,1
423,508,500,502,1
424,509,502,502,1
425,508,505,502,1
426,508,500,503,1
427,507,509,503,1
428,508,501,503,1
429,507,509,503,1
430,508,505,503,1
431,508,510,503,1
432,508,499,503,1
433,508,516,503,1
434,508,513,503,1
435,508,504,503,1
436,508,510,503,1
437,508,505,503,1
438,508,504,504,1
439,508,510,504,1
440,508,507,504,1
441,508,510,504,1
442,508,507,504,1
443,507,500,504,1
444,508,506,504,1
445,508,497,504,1
446,508,493,504,1
447,508,513,504,1
448,508,507,504,1
449,508,504,505,1
450,507,501,505,1
451,508,506,505,1
452,508,500,505,1
453,508,505,505,1
454,508,503,505,1
455,508,503,505,1
456,508,510,505,1
457,508,495,505,1
458,508,516,505,1
459,508,507,505,1
460,508,501,505,1
461,508,513,506,1
462,507,507,506,1
463,508,511,506,1
464,508,499,506,1
465,508,510,506,1
466,509,512,506,1
467,508,501,506,1
468,508,506,506,1
469,508,512,506,1
470,508,507,506,1
471,508,510,506,1
472,508,503,506,1
473,508,512,506,1
474,508,511,506,1
475,508,499,507,1
476,508,506,507,1
477,508,513,507,1
478,508,511,507,1
479,508,510,507,1
480,508,501,507,1
481,509,503,507,1
482,509,508,507,1
483,508,537,507,1
484,508,517,507,1
485,509,506,507,1
486,508,510,507,1
487,508,504,507,1
488,509,503,507,1
489,508,499,508,1
490,508,498,508,1
491,508,507,508,1
492,507,504,508,1
493,507,506,508,1
494,508,502,508,1
495,508,505,508,1
496,508,511,508,1
497,508,507,508,1
498,508,508,508,1
499,508,495,508,1
500,508,515,508,1
501,508,505,508,1
502,507,516,508,1
503,508,512,508,1
504,508,510,509,1
505,508,510,508,1
506,508,509,509,1
507,508,507,509,1
508,507,511,509,1
509,508,507,509,1
510,508,490,509,1
511,508,511,509,1
512,508,507,509,1
513,508,505,509,1
514,508,502,509,1
515,507,497,509,1
516,508,516,509,1
517,508,506,509,1
518,508,503,509,1
519,508,506,509,1
520,508,505,509,1
521,508,510,509,1
522,508,507,509,1
523,508,507,509,1
524,508,507,510,1
525,508,504,510,1
526,507,511,510,1
527,508,512,510,1
528,508,504,510,1
529,507,508,510,1
530,508,505,510,1
531,507,507,510,1
532,508,502,510,1
533,508,506,510,1
534,507,501,510,1
535,508,513,510,1
536,507,510,510,1
537,508,502,510,1
538,508,515,510,1
539,508,509,510,1
540,508,504,510,1
541,507,502,510,1
542,508,512,511,1
543,508,505,510,1
544,508,504,511,1
545,507,507,511,1
546,508,511,511,1
547,508,510,511,1
548,508,512,511,1
549,508,512,511,1
550,508,502,511,1
551,508,509,511,1
552,508,507,511,1
553,508,501,511,1
554,508,513,511,1
555,508,511,511,1
556,508,500,511,1
557,509,505,511,1
558,508,524,511,1
559,508,540,511,1
560,507,521,511,1
561,507,507,511,1
562,508,495,512,1
563,508,503,512,1
564,508,498,512,1
565,508,505,512,1
566,508,504,512,1
567,508,498,512,1
568,509,503,512,1
569,508,501,512,1
570,508,496,512,1
571,508,510,512,1
572,507,512,512,1
573,508,506,512,1
574,507,508,512,1
575,507,504,512,1
576,508,512,512,1
577,508,505,512,1
578,508,508,512,1
579,508,516,512,1
580,508,510,512,1
581,507,511,513,1
582,508,512,513,1
583,507,507,513,1
584,508,510,513,1
585,508,505,513,1
586,508,490,513,1
587,508,516,513,1
588,508,508,513,1
589,508,505,513,1
590,508,506,513,1
591,508,502,513,1
592,508,509,513,1
593,509,510,513,1
594,509,506,513,1
595,508,503,513,1
596,508,498,513,1
597,508,503,513,1
598,508,507,513,1
599,508,510,514,1
600,508,505,514,1
601,508,505,514,1
602,508,513,514,1
603,509,509,514,1
604,508,508,514,1
605,508,501,514,1
606,507,494,514,1
607,508,513,514,1
608,508,502,514,1
609,508,513,514,1
610,508,502,514,1
611,507,507,514,1
612,508,510,514,1
613,508,504,514,1
614,507,509,514,1
615,508,502,514,1
616,508,509,514,1
617,508,510,514,1
618,508,508,515,1
619,508,507,515,1
620,508,508,515,1
621,508,508,515,1
622,508,508,515,1
623,508,512,515,1
624,508,506,515,1
625,508,504,515,1
626,508,509,515,1
627,508,501,515,1
628,507,515,515,1
629,508,506,515,1
630,508,512,515,1
631,508,511,515,1
632,508,506,515,1
633,508,503,515,1
634,508,508,515,1
635,508,508,515,1
636,508,501,515,1
637,508,510,515,1
638,508,503,515,1
639,508,505,515,1
640,508,497,515,1
641,508,521,516,1
642,509,545,516,1
643,508,530,516,1
644,508,508,516,1
645,507,499,516,1
646,508,496,516,1
647,508,491,516,1
648,508,504,516,1
649,508,504,516,1
650,508,499,516,1
651,508,500,516,1
652,508,513,516,1
653,508,507,516,1
654,508,508,516,1
655,508,500,516,1
656,508,507,516,1
657,508,511,516,1
658,508,505,516,1
659,507,497,516,1
660,507,515,516,1
661,508,510,516,1
662,508,502,516,1
663,508,510,516,1
664,508,507,517,1
665,508,511,517,1
666,507,509,516,1
667,508,507,517,1
668,508,507,517,1
669,508,496,517,1
670,508,509,517,1
671,508,508,517,1
672,508,509,517,1
673,508,508,517,1
674,507,503,517,1
675,508,504,517,1
676,507,509,517,1
677,507,506,517,1
678,508,511,517,1
679,509,508,517,1
680,508,500,517,1
681,509,503,517,1
682,508,516,517,1
683,508,508,517,1
684,508,510,517,1
685,508,505,517,1
686,508,506,518,1
687,507,506,518,1
688,508,510,518,1
689,509,508,518,1
690,508,508,518,1
691,508,490,518,1
692,508,516,518,1
693,508,509,518,1
694,508,511,518,1
695,508,507,518,1
696,508,502,518,1
697,509,509,518,1
698,508,507,518,1
699,509,511,518,1
700,508,507,518,1
701,508,498,518,1
702,508,508,518,1
703,508,511,518,1
704,508,507,518,1
705,508,503,518,1
706,508,510,519,1
707,508,505,518,1
708,507,517,518,1
709,508,506,519,1
710,508,504,519,1
711,507,510,519,1
712,508,498,519,1
713,508,505,519,1
714,508,513,519,1
715,508,510,519,1
716,508,513,519,1
717,507,508,519,1
718,508,506,519,1
719,508,503,519,1
720,508,510,519,1
721,508,511,519,1
722,508,508,519,1
723,507,509,519,1
724,507,505,519,1
725,508,493,519,1
726,508,514,519,1
727,508,509,519,1
728,508,506,519,1
729,508,504,519,1
730,507,508,519,1
731,508,502,520,1
732,508,508,520,1
733,507,533,520,1
734,507,541,520,1
735,508,520,520,1
736,508,504,520,1
737,507,489,520,1
738,508,494,520,1
739,508,512,520,1
740,508,500,520,1
741,508,502,520,1
742,508,503,520,1
743,508,503,520,1
744,508,503,520,1
745,508,503,520,1
746,508,504,520,1
747,508,504,520,1
748,509,505,520,1
749,508,506,520,1
750,508,500,521,1
751,508,514,521,1
752,508,504,521,1
753,508,510,521,1
754,508,503,521,1
755,508,516,521,1
756,508,513,521,1
757,508,512,521,1
758,508,511,521,1
759,508,507,521,1
760,507,506,521,1
761,507,506,521,1
762,508,505,521,1
763,508,504,521,1
764,508,506,521,1
765,508,501,521,1
766,508,505,521,1
767,508,513,521,1
768,508,507,521,1
769,507,513,521,1
770,508,504,521,1
771,507,510,522,1
772,508,511,522,1
773,507,507,522,1
774,508,505,522,1
775,508,509,522,1
776,508,508,522,1
777,508,506,522,1
778,508,506,522,1
779,508,507,522,1
780,507,505,522,1
781,507,505,522,1
782,508,507,522,1
783,508,506,522,1
784,508,507,522,1
785,508,506,522,1
786,508,504,522,1
787,508,509,523,1
788,508,505,522,1
789,508,507,522,1
790,509,504,523,1
791,508,505,523,1
792,508,506,523,1
793,508,506,523,1
794,507,508,523,1
795,507,510,523,1
796,508,507,523,1
797,508,508,523,1
798,507,511,523,1
799,508,508,523,1
800,508,511,523,1
801,508,509,523,1
802,508,511,523,1
803,509,510,523,1
804,508,508,523,1
805,508,510,523,1
806,508,512,523,1
807,508,510,523,1
808,508,508,523,1
809,509,512,523,1
810,508,510,523,1
811,508,511,524,1
812,508,510,524,1
813,508,511,524,1
814,508,507,524,1
815,508,510,524,1
816,507,507,524,1
817,508,508,524,1
818,508,508,524,1
819,508,508,524,1
820,508,508,524,1
821,508,507,524,1
822,508,510,524,1
823,508,536,524,1
824,507,533,524,1
825,507,512,524,1
826,507,504,524,1
827,508,505,524,1
828,508,503,524,1
829,508,503,524,1
830,508,504,524,1
831,508,506,524,1
832,508,504,525,1
833,508,506,524,1
834,508,506,525,1
835,508,506,525,1
836,508,507,525,1
837,508,505,525,1
838,509,506,525,1
839,508,509,525,1
840,508,509,525,1
841,507,508,525,1
842,508,513,525,1
843,508,510,525,1
844,508,511,525,1
845,508,511,525,1
846,508,511,525,1
847,508,513,525,1
848,508,511,525,1
849,508,509,525,1
850,508,505,525,1
851,508,505,525,1
852,508,506,525,1
853,508,505,526,1
854,508,504,526,1
855,508,506,526,1
856,508,505,526,1
857,509,506,526,1
858,509,505,526,1
859,509,509,526,1
860,508,506,526,1
861,508,506,526,1
862,508,507,526,1
863,508,506,526,1
864,508,505,526,1
865,507,507,526,1
866,508,505,526,1
867,508,506,526,1
868,508,506,526,1
869,508,506,526,1
870,508,508,526,1
871,508,506,526,1
872,507,507,526,1
873,507,506,526,1
874,508,504,527,1
875,508,505,527,1
876,508,505,527,1
877,507,504,527,1
878,508,508,527,1
879,508,510,527,1
880,508,509,527,1
881,508,508,527,1
882,508,507,527,1
883,508,504,527,1
884,508,510,527,1
885,508,510,527,1
886,508,509,527,1
887,508,509,527,1
888,508,506,527,1
889,507,508,527,1
890,508,507,527,1
891,508,506,527,1
892,508,508,527,1
893,508,506,527,1
894,507,504,527,1
895,507,508,527,1
896,508,530,528,1
897,508,532,527,1
898,508,509,528,1
899,508,505,528,1
900,508,503,528,1
901,508,503,528,1
902,508,502,528,1
903,508,504,528,1
904,508,503,528,1
905,508,504,528,1
906,508,503,528,1
907,508,502,528,1
908,508,507,528,1
909,507,507,528,1
910,507,508,528,1
911,508,509,528,1
912,508,507,528,1
913,508,511,528,1
914,508,510,528,1
915,508,511,528,1
916,508,511,528,1
917,508,511,528,1
918,508,510,528,1
919,508,510,528,1
920,508,509,528,1
921,508,509,528,1
922,507,506,528,1
923,508,505,529,1
924,507,505,528,1
925,507,504,529,1
926,508,503,529,1
927,508,503,529,1
928,508,506,529,1
929,508,505,529,1
930,507,505,529,1
931,508,507,529,1
932,508,508,529,1
933,508,507,529,1
934,508,506,529,1
935,508,507,529,1
936,508,509,529,1
937,508,508,529,1
938,508,508,529,1
939,508,508,529,1
940,508,505,529,1
941,507,509,529,1
942,508,509,529,1
943,507,506,529,1
944,508,507,529,1
945,508,505,529,1
946,508,507,529,1
947,507,507,529,1
948,507,508,529,1
949,507,507,529,1
950,508,508,529,1
951,508,504,529,1
952,508,508,529,1
953,509,508,529,1
954,508,508,530,1
955,508,507,529,1
956,508,505,530,1
957,508,508,529,1
958,508,507,529,1
959,508,508,530,1
960,508,508,530,1
961,508,509,529,1
962,507,510,529,1
963,508,509,530,1
964,508,510,530,1
965,508,512,530,1
966,508,511,530,1
967,509,508,530,1
968,508,508,530,1
969,508,508,529,1
970,508,507,529,1
971,508,509,530,1
972,508,509,529,1
973,508,507,529,1
974,507,509,529,1
975,507,503,529,1
976,508,508,529,1
977,507,534,529,1
978,507,543,529,1
979,508,521,529,1
980,508,507,529,1
981,508,499,529,1
982,508,499,529,1
983,508,499,529,1
984,508,503,529,1
985,508,502,529,1
986,508,502,529,1
987,508,504,529,1
988,508,506,529,1
989,508,505,529,1
990,508,504,528,1
991,508,506,528,1
992,508,509,528,1
993,508,507,528,1
994,508,507,528,1
995,508,509,528,1
996,508,508,528,1
997,507,509,528,1
998,508,511,528,1
999,507,514,528,1
1000,508,510,527,1
1001,508,511,527,1
1002,508,509,527,1
1003,509,507,527,1
1004,508,506,527,1
1005,508,509,527,1
1006,508,505,527,1
1007,508,506,527,1
1008,509,504,526,1
1009,508,505,526,1
1010,507,505,526,1
1011,508,506,526,1
1012,508,506,526,1
1013,508,508,526,1
1014,508,509,525,1
1015,508,509,525,1
1016,509,507,525,1
1017,508,507,524,1
1018,508,509,524,1
1019,508,510,524,1
1020,508,508,524,1
1021,508,509,524,1
1022,508,510,523,1
1023,508,509,523,1
1024,508,508,523,1
1025,508,509,523,1
1026,508,509,522,1
1027,508,508,522,1
1028,508,510,522,1
1029,508,509,522,1
1030,508,508,521,1
1031,508,511,521,1
1032,508,509,521,1
1033,508,508,521,1
1034,508,507,520,1
1035,508,509,520,1
1036,508,508,520,1
1037,508,506,520,1
1038,507,509,519,1
1039,508,507,519,1
1040,507,508,518,1
1041,507,508,518,1
1042,509,505,518,1
1043,509,511,518,1
1044,508,507,517,1
1045,508,507,517,1
1046,508,509,517,1
1047,508,510,516,1
1048,508,508,516,1
1049,508,507,516,1
1050,508,505,515,1
1051,508,508,515,1
1052,508,506,515,1
1053,508,507,514,1
1054,508,508,514,1
1055,508,508,514,1
1056,508,505,513,1
1057,508,508,513,1
1058,508,529,513,1
1059,508,546,512,1
1060,508,525,512,1
1061,509,508,512,1
1062,508,501,511,1
1063,508,500,511,1
1064,508,498,511,1
1065,508,501,510,1
1066,509,499,510,1
1067,508,503,510,1
1068,508,502,509,1
1069,509,505,509,1
1070,509,505,508,1
1071,508,505,508,1
1072,508,506,508,1
1073,508,507,508,1
1074,508,507,507,1
1075,508,509,507,1
1076,508,509,507,1
1077,507,509,506,1
1078,508,511,506,1
1079,508,508,505,1
1080,508,511,505,1
1081,508,512,505,1
1082,508,509,505,1
1083,508,511,504,1
1084,508,506,504,1
1085,507,505,504,1
1086,508,503,503,1
1087,507,506,503,1
1088,508,504,503,1
1089,507,506,502,1
1090,508,504,502,1
1091,508,507,502,1
1092,508,505,501,1
1093,508,507,501,1
1094,508,504,501,1
1095,508,509,500,1
1096,507,506,500,1
1097,508,506,500,1
1098,508,509,500,1
1099,508,507,499,1
1100,508,505,499,1
1101,508,509,499,1
1102,508,508,499,1
1103,508,506,498,1
1104,508,506,498,1
1105,507,509,498,1
1106,507,507,497,1
1107,508,509,497,1
1108,508,509,497,1
1109,508,509,497,1
1110,508,508,497,1
1111,508,511,496,1
1112,508,510,496,1
1113,508,508,496,1
1114,508,508,495,1
1115,508,507,495,1
1116,509,510,495,1
1117,508,509,495,1
1118,508,505,495,1
1119,508,508,494,1
1120,508,508,494,1
1121,508,509,494,1
1122,508,510,494,1
1123,508,507,494,1
1124,507,508,493,1
1125,507,505,493,1
1126,507,510,493,1
1127,508,508,493,1
1128,508,508,492,1
1129,507,509,492,1
1130,508,507,492,1
1131,508,509,492,1
1132,508,508,492,1
1133,508,509,491,1
1134,508,509,491,1
1135,508,510,491,1
1136,508,510,491,1
1137,508,509,491,1
1138,508,508,491,1
1139,509,507,491,1
1140,508,507,490,1
1141,508,506,490,1
1142,508,508,490,1
1143,508,505,490,1
1144,508,508,490,1
1145,508,502,489,1
1146,508,510,489,1
1147,507,530,489,1
1148,507,544,489,1
1149,508,527,489,1
1150,508,509,489,1
1151,508,502,489,1
1152,508,500,489,1
1153,508,500,488,1
1154,508,500,488,1
1155,508,500,488,1
1156,508,503,488,1
1157,508,506,488,1
1158,508,508,488,1
1159,508,504,488,1
1160,508,505,488,1
1161,507,507,487,1
1162,508,508,487,1
1163,508,505,487,1
1164,508,508,487,1
1165,509,512,487,1
1166,508,511,487,1
1167,508,514,487,1
1168,508,509,487,1
1169,507,508,487,1
1170,508,512,487,1
1171,508,512,486,1
1172,508,507,486,1
1173,508,505,486,1
1174,508,508,486,1
1175,508,503,486,1
1176,508,504,486,1
1177,508,506,486,1
1178,508,505,486,1
1179,508,505,486,1
1180,508,506,486,1
1181,508,505,486,1
1182,508,507,486,1
1183,508,506,486,1
1184,508,505,486,1
1185,508,505,486,1
1186,508,506,486,1
1187,507,507,486,1
1188,508,507,486,1
1189,508,507,486,1
1190,508,506,486,1
1191,508,508,486,1
1192,508,508,486,1
1193,507,510,486,1
1194,508,505,486,1
1195,508,507,486,1
1196,508,508,486,1
1197,507,509,486,1
1198,508,510,486,1
1199,508,504,486,1
1200,508,508,486,1
1201,508,506,486,1
1202,508,505,486,1
1203,508,510,486,1
1204,508,509,486,1
1205,508,506,486,1
1206,507,506,486,1
1207,507,511,486,1
1208,508,509,486,1
1209,508,507,486,1
1210,509,505,486,1
1211,509,508,486,1
1212,508,510,486,1
1213,508,506,486,1
1214,508,506,486,1
1215,508,506,486,1
1216,508,507,486,1
1217,508,510,486,1
1218,508,506,486,1
1219,508,507,486,1
1220,507,509,486,1
1221,508,510,486,1
1222,508,505,486,1
1223,508,508,486,1
1224,507,510,486,1
1225,508,506,486,1
1226,508,513,486,1
1227,508,514,486,1
1228,508,510,486,1
1229,509,508,487,1
1230,508,505,487,1
1231,508,506,487,1
1232,508,508,487,1
1233,508,506,487,1
1234,508,506,487,1
1235,508,505,487,1
1236,508,508,487,1
1237,508,535,487,1
1238,508,545,487,1
1239,507,519,487,1
1240,508,505,487,1
1241,508,497,487,1
1242,508,499,487,1
1243,507,499,487,1
1244,508,497,488,1
1245,508,501,488,1
1246,508,502,488,1
1247,508,503,488,1
1248,507,504,488,1
1249,507,502,488,1
1250,507,506,488,1
1251,508,506,488,1
1252,508,506,488,1
1253,508,508,488,1
1254,508,507,488,1
1255,507,508,489,1
1256,508,510,489,1
1257,508,509,489,1
1258,508,510,489,1
1259,508,508,489,1
1260,508,509,489,1
1261,508,511,489,1
1262,509,508,489,1
1263,508,507,489,1
1264,508,501,489,1
1265,507,509,489,1
1266,508,504,490,1
1267,508,501,490,1
1268,508,501,490,1
1269,508,506,490,1
1270,509,505,490,1
1271,508,505,490,1
1272,508,506,490,1
1273,507,506,490,1
1274,507,506,490,1
1275,507,509,490,1
1276,508,507,491,1
1277,508,508,491,1
1278,508,505,491,1
1279,509,504,491,1
1280,508,510,491,1
1281,508,506,491,1
1282,508,507,491,1
1283,508,508,491,1
1284,508,508,491,1
1285,508,505,491,1
1286,508,507,491,1
1287,508,509,492,1
1288,508,508,492,1
1289,508,504,492,1
1290,508,509,492,1
1291,508,510,492,1
1292,508,509,492,1
1293,508,508,492,1
1294,508,506,492,1
1295,508,506,492,1
1296,509,509,492,1
1297,508,507,493,1
1298,508,505,493,1
1299,508,509,493,1
1300,508,510,493,1
1301,508,507,493,1
1302,508,510,493,1
1303,508,508,493,1
1304,508,510,493,1
1305,507,508,493,1
1306,508,506,494,1
1307,508,509,494,1
1308,508,512,494,1
1309,508,505,494,1
1310,508,507,494,1
1311,508,511,494,1
1312,508,509,494,1
1313,508,506,494,1
1314,508,504,494,1
1315,508,515,494,1
1316,507,522,495,1
1317,507,549,495,1
1318,508,531,495,1
1319,508,512,495,1
1320,508,508,495,1
1321,508,509,495,1
1322,508,508,495,1
1323,508,508,495,1
1324,508,507,495,1
1325,507,506,495,1
1326,507,512,495,1
1327,508,505,496,1
1328,508,511,496,1
1329,508,511,496,1
1330,508,513,496,1
1331,507,510,496,1
1332,508,511,496,1
1333,508,508,496,1
1334,508,511,496,1
1335,508,511,496,1
1336,507,509,496,1
1337,508,513,496,1
1338,508,514,497,1
1339,508,513,497,1
1340,508,509,497,1
1341,508,510,497,1
1342,507,511,497,1
1343,508,506,497,1
1344,508,504,497,1
1345,507,502,497,1
1346,508,508,497,1
1347,508,503,498,1
1348,508,500,498,1
1349,508,505,498,1
1350,508,502,498,1
1351,508,505,498,1
1352,508,505,498,1
1353,508,505,498,1
1354,508,505,498,1
1355,508,503,498,1
1356,508,508,498,1
1357,508,506,498,1
1358,508,507,499,1
1359,508,506,499,1
1360,508,508,499,1
1361,508,505,499,1
1362,508,508,499,1
1363,508,502,499,1
1364,509,505,499,1
1365,509,509,499,1
1366,508,506,499,1
1367,507,506,499,1
1368,507,501,499,1
1369,507,506,499,1
1370,508,508,500,1
1371,508,507,500,1
1372,508,505,500,1
1373,508,505,500,1
1374,508,504,500,1
1375,507,505,500,1
1376,507,505,500,1
1377,507,506,500,1
1378,508,505,500,1
1379,508,505,500,1
1380,508,510,500,1
1381,508,502,500,1
1382,508,508,500,1
1383,508,503,501,1
1384,508,507,501,1
1385,508,508,501,1
1386,507,507,501,1
1387,507,506,501,1
1388,508,506,501,1
1389,508,511,501,1
1390,508,507,501,1
1391,509,507,501,1
1392,508,509,501,1
1393,508,511,501,1
1394,508,506,501,1
1395,508,505,501,1
1396,508,505,502,1
1397,508,505,502,1
1398,508,508,502,1
1399,508,505,502,1
1400,508,501,502,1
1401,508,500,502,1
1402,508,528,502,1
1403,507,546,502,1
1404,508,527,502,1
1405,508,508,502,1
1406,508,502,502,1
1407,507,493,502,1
1408,508,501,502,1
1409,507,497,502,1
1410,508,500,502,1
1411,508,501,503,1
1412,508,504,503,1
1413,508,500,503,1
1414,508,505,503,1
1415,509,506,503,1
1416,509,500,503,1
1417,508,509,503,1
1418,509,507,503,1
1419,508,508,503,1
1420,508,504,503,1
1421,508,505,503,1
1422,508,513,503,1
1423,508,514,503,1
1424,508,510,503,1
1425,508,512,503,1
1426,508,509,504,1
1427,508,507,504,1
1428,508,508,504,1
1429,508,504,504,1
1430,508,507,504,1
1431,508,506,504,1
1432,508,505,504,1
1433,508,506,504,1
1434,508,503,504,1
1435,508,504,504,1
1436,508,507,504,1
1437,508,503,504,1
1438,508,505,504,1
1439,508,509,505,1
1440,508,509,504,1
1441,508,506,505,1
1442,508,506,505,1
1443,508,506,505,1
1444,508,509,505,1
1445,508,504,505,1
1446,508,506,505,1
1447,507,513,505,1
1448,508,508,505,1
1449,508,507,505,1
1450,508,507,505,1
1451,508,510,505,1
1452,508,508,505,1
1453,508,504,505,1
1454,508,509,505,1
1455,508,508,505,1
1456,508,509,506,1
1457,508,506,506,1
1458,508,507,506,1
1459,508,508,506,1
1460,508,507,506,1
1461,507,506,506,1
1462,507,509,506,1
1463,507,505,506,1
1464,507,510,506,1
1465,508,508,506,1
1466,508,505,506,1
1467,508,508,506,1
1468,508,505,506,1
1469,508,507,506,1
1470,508,510,506,1
1471,508,508,507,1
1472,508,504,507,1
1473,507,510,507,1
1474,508,510,507,1
1475,508,509,507,1
1476,508,506,507,1
1477,508,506,507,1
1478,508,510,507,1
1479,508,506,507,1
1480,508,504,507,1
1481,508,510,507,1
1482,507,510,507,1
1483,507,507,507,1
1484,508,504,507,1
1485,507,509,507,1
1486,507,507,507,1
1487,508,509,507,1
1488,507,504,508,1
1489,508,503,508,1
1490,508,511,508,1
1491,508,505,508,1
1492,508,505,508,1
1493,509,506,508,1
1494,509,528,508,1
1495,509,545,508,1
1496,508,529,508,1
1497,508,509,508,1
1498,508,500,508,1
1499,508,497,508,1
1500,507,498,508,1
1501,508,499,508,1
1502,507,503,509,1
1503,508,503,509,1
1504,508,503,509,1
1505,508,503,509,1
1506,508,505,509,1
1507,508,511,509,1
1508,508,507,509,1
1509,508,507,509,1
1510,507,506,509,1
1511,507,509,509,1
1512,507,509,509,1
1513,508,509,509,1
1514,507,509,509,1
1515,507,513,509,1
1516,508,510,509,1
1517,508,515,509,1
1518,508,511,509,1
1519,508,507,510,1
1520,509,507,510,1
1521,509,505,510,1
1522,508,501,510,1
1523,508,512,510,1
1524,508,506,510,1
1525,508,505,510,1
1526,507,509,510,1
1527,507,502,510,1
1528,507,509,510,1
1529,508,515,510,1
1530,508,518,510,1
1531,508,508,510,1
1532,508,505,510,1
1533,508,504,510,1
1534,508,505,510,1
1535,508,505,511,1
1536,508,504,511,1
1537,508,504,511,1
1538,508,505,511,1
1539,508,511,511,1
1540,508,511,511,1
1541,508,510,511,1
1542,508,501,511,1
1543,508,513,511,1
1544,508,507,511,1
1545,507,504,511,1
1546,508,513,511,1
1547,508,518,511,1
1548,508,507,511,1
1549,508,506,511,1
1550,508,511,511,1
1551,508,514,512,1
1552,508,495,512,1
1553,508,506,512,1
1554,507,522,512,1
1555,507,514,512,1
1556,508,508,512,1
1557,508,515,512,1
1558,508,516,512,1
1559,508,512,512,1
1560,508,511,512,1
1561,508,491,512,1
1562,508,533,512,1
1563,508,514,512,1
1564,508,512,512,1
1565,509,513,512,1
1566,509,507,512,1
1567,508,500,512,1
1568,508,516,513,1
1569,508,507,513,1
1570,507,521,513,1
1571,507,502,513,1
1572,508,521,513,1
1573,507,515,513,1
1574,508,504,513,1
1575,508,511,513,1
1576,508,509,513,1
1577,508,520,513,1
1578,508,501,513,1
1579,508,501,513,1
1580,508,519,513,1
1581,507,512,513,1
1582,507,512,513,1
1583,507,509,513,1
1584,508,505,513,1
1585,508,516,514,1
1586,508,537,514,1
1587,508,541,514,1
1588,508,515,514,1
1589,508,505,514,1
1590,508,501,514,1
1591,508,498,514,1
1592,508,498,514,1
1593,508,504,514,1
1594,508,505,514,1
1595,508,495,514,1
1596,508,511,514,1
1597,508,507,514,1
1598,508,500,514,1
1599,508,505,514,1
1600,508,505,515,1
1601,508,512,514,1
1602,508,502,515,1
1603,508,510,515,1
1604,508,495,515,1
1605,508,506,515,1
1606,507,519,515,1
1607,508,518,515,1
1608,508,507,515,1
1609,508,502,515,1
1610,509,495,515,1
1611,508,512,515,1
1612,508,512,515,1
1613,508,506,515,1
1614,508,502,515,1
1615,508,497,515,1
1616,507,502,515,1
1617,508,507,516,1
1618,508,499,516,1
1619,508,498,516,1
1620,509,517,516,1
1621,508,501,516,1
1622,508,510,516,1
1623,509,496,516,1
1624,508,495,516,1
1625,508,506,516,1
1626,508,505,516,1
1627,508,513,516,1
1628,508,512,516,1
1629,508,508,516,1
1630,508,504,516,1
1631,508,503,516,1
1632,508,512,516,1
1633,508,511,516,1
1634,507,499,516,1
1635,507,515,516,1
1636,508,509,517,1
1637,508,499,516,1
1638,507,511,517,1
1639,508,510,517,1
1640,508,504,517,1
1641,508,507,517,1
1642,509,515,517,1
1643,508,493,517,1
1644,508,516,517,1
1645,508,513,517,1
1646,508,509,517,1
1647,508,511,517,1
1648,507,508,517,1
1649,507,508,517,1
1650,508,509,517,1
1651,507,518,517,1
1652,507,512,517,1
1653,507,499,517,1
1654,507,510,517,1
1655,508,494,517,1
1656,507,518,518,1
1657,508,508,518,1
1658,508,510,518,1
1659,509,508,518,1
1660,509,505,518,1
1661,509,503,518,1
1662,508,513,518,1
1663,508,539,518,1
1664,508,530,518,1
1665,508,516,518,1
1666,508,506,518,1
1667,508,501,518,1
1668,508,486,518,1
1669,508,506,518,1
1670,508,511,518,1
1671,509,511,518,1
1672,508,501,518,1
1673,508,504,518,1
1674,508,503,518,1
1675,508,504,518,1
1676,508,515,518,1
1677,508,501,518,1
1678,507,509,519,1
1679,507,505,519,1
1680,508,525,519,1
1681,508,511,519,1
1682,508,515,519,1
1683,508,512,519,1
1684,507,508,519,1
1685,508,512,519,1
1686,509,510,519,1
1687,509,501,519,1
1688,508,525,519,1
1689,508,514,519,1
1690,508,504,519,1
1691,508,498,519,1
1692,508,501,519,1
1693,508,493,519,1
1694,507,509,519,1
1695,508,510,519,1
1696,508,506,519,1
1697,508,502,519,1
1698,508,507,519,1
1699,508,488,520,1
1700,509,513,520,1
1701,508,510,520,1
1702,508,502,520,1
1703,508,508,520,1
1704,508,488,520,1
1705,508,517,520,1
1706,508,501,520,1
1707,508,506,520,1
1708,508,507,520,1
1709,508,496,520,1
1710,508,514,520,1
1711,508,516,520,1
1712,508,488,520,1
1713,508,518,520,1
1714,507,504,520,1
1715,508,509,520,1
1716,508,513,520,1
1717,508,505,521,1
1718,509,509,521,1
1719,508,498,521,1
1720,508,508,520,1
1721,508,508,521,1
1722,508,502,521,1
1723,508,517,521,1
1724,508,501,521,1
1725,508,497,521,1
1726,508,515,521,1
1727,507,508,521,1
1728,508,503,521,1
1729,508,504,521,1
1730,508,502,521,1
1731,508,509,521,1
1732,507,507,521,1
1733,508,509,521,1
1734,508,507,521,1
1735,508,509,521,1
1736,508,502,521,1
1737,508,507,521,1
1738,508,499,521,1
1739,507,506,521,1
1740,508,494,521,1
1741,509,517,521,1
1742,508,501,521,1
1743,508,496,522,1
1744,509,518,522,1
1745,508,539,522,1
